mAP@0.5,mAP@0.75,Precision@0.5,Recall@0.5,F1@0.5,FPR@0.5,AvgIoU@matched@0.5,Precision@0.75,Recall@0.75,F1@0.75,FPR@0.75,AvgIoU@matched@0.75,mask_threshold,backbone,num_images,sum_tp@0.5,sum_fp@0.5,sum_fn@0.5,sum_tp@0.75,sum_fp@0.75,sum_fn@0.75
0.4344932142213058,0.022753060286321923,0.8815150534150594,0.6989219712523873,0.7796707224842604,0.11848494658461688,0.6933372719653729,0.21204273227574877,0.16812114989728744,0.18754473823246134,0.7879572677239275,0.7928363754150111,0.3,large,68,2723,366,1173,655,2434,3241
