{
  "mAP@0.5": 0.4344932142213058,
  "mAP@0.75": 0.022753060286321923,
  "Precision@0.5": 0.8815150534150594,
  "Recall@0.5": 0.6989219712523873,
  "F1@0.5": 0.7796707224842604,
  "FPR@0.5": 0.11848494658461688,
  "AvgIoU@matched@0.5": 0.6933372719653729,
  "Precision@0.75": 0.21204273227574877,
  "Recall@0.75": 0.16812114989728744,
  "F1@0.75": 0.18754473823246134,
  "FPR@0.75": 0.7879572677239275,
  "AvgIoU@matched@0.75": 0.7928363754150111,
  "mask_threshold": 0.3,
  "backbone": "large",
  "num_images": 68,
  "sum_tp@0.5": 2723,
  "sum_fp@0.5": 366,
  "sum_fn@0.5": 1173,
  "sum_tp@0.75": 655,
  "sum_fp@0.75": 2434,
  "sum_fn@0.75": 3241
}