{
  "mAP@0.5": 0.5982040609270989,
  "Precision@0.5": 0.814323228048087,
  "Recall@0.5": 0.7346027232466149,
  "F1@0.5": 0.7641589228273094,
  "mask_threshold": 0.35,
  "backbone": "large"
}