mAP@0.5,Precision@0.5,Recall@0.5,F1@0.5,mask_threshold,backbone
0.5982040609270989,0.814323228048087,0.7346027232466149,0.7641589228273094,0.35,large
