{
  "mAP@0.5": 0.44359085769723466,
  "mAP@0.75": 0.044598586406606085,
  "Precision@0.5": 0.8946675444368352,
  "Recall@0.5": 0.6976386036959195,
  "F1@0.5": 0.7839630799804608,
  "FPR@0.5": 0.10533245556283564,
  "AvgIoU@matched@0.5": 0.7113534307680414,
  "Precision@0.75": 0.3011849901249832,
  "Recall@0.75": 0.23485626283361527,
  "F1@0.75": 0.26391693057190013,
  "FPR@0.75": 0.6988150098746877,
  "AvgIoU@matched@0.75": 0.7961689605829432,
  "mask_threshold": 0.2,
  "backbone": "large",
  "num_images": 68,
  "sum_tp@0.5": 2718,
  "sum_fp@0.5": 320,
  "sum_fn@0.5": 1178,
  "sum_tp@0.75": 915,
  "sum_fp@0.75": 2123,
  "sum_fn@0.75": 2981
}