mAP@0.5,mAP@0.75,Precision@0.5,Recall@0.5,F1@0.5,FPR@0.5,AvgIoU@matched@0.5,Precision@0.75,Recall@0.75,F1@0.75,FPR@0.75,AvgIoU@matched@0.75,mask_threshold,backbone,num_images,sum_tp@0.5,sum_fp@0.5,sum_fn@0.5,sum_tp@0.75,sum_fp@0.75,sum_fn@0.75
0.44359085769723466,0.044598586406606085,0.8946675444368352,0.6976386036959195,0.7839630799804608,0.10533245556283564,0.7113534307680414,0.3011849901249832,0.23485626283361527,0.26391693057190013,0.6988150098746877,0.7961689605829432,0.2,large,68,2718,320,1178,915,2123,2981
