mAP@0.5,mAP@0.75,Precision@0.5,Recall@0.5,F1@0.5,FPR@0.5,AvgIoU@matched@0.5,Precision@0.75,Recall@0.75,F1@0.75,FPR@0.75,AvgIoU@matched@0.75,mask_threshold,backbone,num_images,sum_tp@0.5,sum_fp@0.5,sum_fn@0.5,sum_tp@0.75,sum_fp@0.75,sum_fn@0.75
0.34898641905304156,0.000886583496546714,0.7937853107342141,0.649127310061435,0.7142050263334032,0.206214689265472,0.6251862892184933,0.03986189579408667,0.03259753593428322,0.03586557420142878,0.9601381042055994,0.7808895982808607,0.7,large,68,2529,657,1367,127,3059,3769
