{
  "mAP@0.5": 0.34898641905304156,
  "mAP@0.75": 0.000886583496546714,
  "Precision@0.5": 0.7937853107342141,
  "Recall@0.5": 0.649127310061435,
  "F1@0.5": 0.7142050263334032,
  "FPR@0.5": 0.206214689265472,
  "AvgIoU@matched@0.5": 0.6251862892184933,
  "Precision@0.75": 0.03986189579408667,
  "Recall@0.75": 0.03259753593428322,
  "F1@0.75": 0.03586557420142878,
  "FPR@0.75": 0.9601381042055994,
  "AvgIoU@matched@0.75": 0.7808895982808607,
  "mask_threshold": 0.7,
  "backbone": "large",
  "num_images": 68,
  "sum_tp@0.5": 2529,
  "sum_fp@0.5": 657,
  "sum_fn@0.5": 1367,
  "sum_tp@0.75": 127,
  "sum_fp@0.75": 3059,
  "sum_fn@0.75": 3769
}