mAP@0.5,mAP@0.75,Precision@0.5,Recall@0.5,F1@0.5,FPR@0.5,AvgIoU@matched@0.5,Precision@0.75,Recall@0.75,F1@0.75,FPR@0.75,AvgIoU@matched@0.75,mask_threshold,backbone,num_images,sum_tp@0.5,sum_fp@0.5,sum_fn@0.5,sum_tp@0.75,sum_fp@0.75,sum_fn@0.75
0.4306099945709266,0.016329630796501914,0.8773006134966492,0.6973819301846259,0.7770627765690821,0.12269938650302786,0.6842222323920855,0.17662253793988486,0.14040041067758202,0.15644215594863903,0.8233774620597922,0.7910420750071315,0.35,large,68,2717,380,1179,547,2550,3349
