{
  "mAP@0.5": 0.4306099945709266,
  "mAP@0.75": 0.016329630796501914,
  "Precision@0.5": 0.8773006134966492,
  "Recall@0.5": 0.6973819301846259,
  "F1@0.5": 0.7770627765690821,
  "FPR@0.5": 0.12269938650302786,
  "AvgIoU@matched@0.5": 0.6842222323920855,
  "Precision@0.75": 0.17662253793988486,
  "Recall@0.75": 0.14040041067758202,
  "F1@0.75": 0.15644215594863903,
  "FPR@0.75": 0.8233774620597922,
  "AvgIoU@matched@0.75": 0.7910420750071315,
  "mask_threshold": 0.35,
  "backbone": "large",
  "num_images": 68,
  "sum_tp@0.5": 2717,
  "sum_fp@0.5": 380,
  "sum_fn@0.5": 1179,
  "sum_tp@0.75": 547,
  "sum_fp@0.75": 2550,
  "sum_fn@0.75": 3349
}