count,word_accuracy,character_accuracy,CER_mean,WER_mean,CER_bengali_mean,WER_bengali_mean,CER_english_mean,WER_english_mean,avg_confidence
8500,0.21929411764705883,0.3452818958987123,0.6190552566714331,0.6191302715258598,0.6304073873459706,0.6305034877623422,0.578668453976765,0.578668453976765,0.8423850209362367
