mAP@0.5,mAP@0.75,Precision@0.5,Recall@0.5,F1@0.5,FPR@0.5,AvgIoU@matched@0.5,Precision@0.75,Recall@0.75,F1@0.75,FPR@0.75,AvgIoU@matched@0.75,mask_threshold,backbone,num_images,sum_tp@0.5,sum_fp@0.5,sum_fn@0.5,sum_tp@0.75,sum_fp@0.75,sum_fn@0.75
0.4093436365004294,0.005398716721031299,0.8592900543649314,0.6896817248458189,0.7652000564614938,0.14070994563474873,0.6585707939166873,0.10393348257112123,0.0834188911704098,0.09255303951735964,0.896066517428559,0.7860199833768825,0.5,large,68,2687,440,1209,325,2802,3571
