{
  "mAP@0.5": 0.4093436365004294,
  "mAP@0.75": 0.005398716721031299,
  "Precision@0.5": 0.8592900543649314,
  "Recall@0.5": 0.6896817248458189,
  "F1@0.5": 0.7652000564614938,
  "FPR@0.5": 0.14070994563474873,
  "AvgIoU@matched@0.5": 0.6585707939166873,
  "Precision@0.75": 0.10393348257112123,
  "Recall@0.75": 0.0834188911704098,
  "F1@0.75": 0.09255303951735964,
  "FPR@0.75": 0.896066517428559,
  "AvgIoU@matched@0.75": 0.7860199833768825,
  "mask_threshold": 0.5,
  "backbone": "large",
  "num_images": 68,
  "sum_tp@0.5": 2687,
  "sum_fp@0.5": 440,
  "sum_fn@0.5": 1209,
  "sum_tp@0.75": 325,
  "sum_fp@0.75": 2802,
  "sum_fn@0.75": 3571
}