{
  "mAP@0.5": 0.4234827433870593,
  "mAP@0.75": 0.011806223310396333,
  "Precision@0.5": 0.8741551335690781,
  "Recall@0.5": 0.6971252566733324,
  "F1@0.5": 0.7756675705471077,
  "FPR@0.5": 0.1258448664306,
  "AvgIoU@matched@0.5": 0.6755771576186558,
  "Precision@0.75": 0.1512713228193913,
  "Recall@0.75": 0.12063655030797725,
  "F1@0.75": 0.13422818742577156,
  "FPR@0.75": 0.8487286771802869,
  "AvgIoU@matched@0.75": 0.7893483648508085,
  "mask_threshold": 0.4,
  "backbone": "large",
  "num_images": 68,
  "sum_tp@0.5": 2716,
  "sum_fp@0.5": 391,
  "sum_fn@0.5": 1180,
  "sum_tp@0.75": 470,
  "sum_fp@0.75": 2637,
  "sum_fn@0.75": 3426
}