mAP@0.5,mAP@0.75,Precision@0.5,Recall@0.5,F1@0.5,FPR@0.5,AvgIoU@matched@0.5,Precision@0.75,Recall@0.75,F1@0.75,FPR@0.75,AvgIoU@matched@0.75,mask_threshold,backbone,num_images,sum_tp@0.5,sum_fp@0.5,sum_fn@0.5,sum_tp@0.75,sum_fp@0.75,sum_fn@0.75
0.4234827433870593,0.011806223310396333,0.8741551335690781,0.6971252566733324,0.7756675705471077,0.1258448664306,0.6755771576186558,0.1512713228193913,0.12063655030797725,0.13422818742577156,0.8487286771802869,0.7893483648508085,0.4,large,68,2716,391,1180,470,2637,3426
