{
  "mAP@0.5": 0.38244733225521155,
  "mAP@0.75": 0.002663279075077102,
  "Precision@0.5": 0.8296390120326695,
  "Recall@0.5": 0.6724845995891497,
  "F1@0.5": 0.7428409408151573,
  "FPR@0.5": 0.17036098796701382,
  "AvgIoU@matched@0.5": 0.6430637055159977,
  "Precision@0.75": 0.0683977200759758,
  "Recall@0.75": 0.05544147843941082,
  "F1@0.75": 0.061241848101996434,
  "FPR@0.75": 0.9316022799237076,
  "AvgIoU@matched@0.75": 0.7832410941763084,
  "mask_threshold": 0.6,
  "backbone": "large",
  "num_images": 68,
  "sum_tp@0.5": 2620,
  "sum_fp@0.5": 538,
  "sum_fn@0.5": 1276,
  "sum_tp@0.75": 216,
  "sum_fp@0.75": 2942,
  "sum_fn@0.75": 3680
}