mAP@0.5,mAP@0.75,Precision@0.5,Recall@0.5,F1@0.5,FPR@0.5,AvgIoU@matched@0.5,Precision@0.75,Recall@0.75,F1@0.75,FPR@0.75,AvgIoU@matched@0.75,mask_threshold,backbone,num_images,sum_tp@0.5,sum_fp@0.5,sum_fn@0.5,sum_tp@0.75,sum_fp@0.75,sum_fn@0.75
0.38244733225521155,0.002663279075077102,0.8296390120326695,0.6724845995891497,0.7428409408151573,0.17036098796701382,0.6430637055159977,0.0683977200759758,0.05544147843941082,0.061241848101996434,0.9316022799237076,0.7832410941763084,0.6,large,68,2620,538,1276,216,2942,3680
