{
  "mAP@0.5": 0.46094128064324263,
  "mAP@0.75": 0.03610283757612833,
  "Precision@0.5": 0.9051070840194712,
  "Recall@0.5": 0.705082135523433,
  "F1@0.5": 0.7926706098090309,
  "FPR@0.5": 0.09489291598019937,
  "AvgIoU@matched@0.5": 0.7073055667722674,
  "Precision@0.75": 0.27281713344307323,
  "Recall@0.75": 0.2125256673510748,
  "F1@0.75": 0.23892656133133758,
  "FPR@0.75": 0.7271828665565973,
  "AvgIoU@matched@0.75": 0.7959365790593779,
  "mask_threshold": 0.35,
  "backbone": "large",
  "num_images": 68,
  "sum_tp@0.5": 2747,
  "sum_fp@0.5": 288,
  "sum_fn@0.5": 1149,
  "sum_tp@0.75": 828,
  "sum_fp@0.75": 2207,
  "sum_fn@0.75": 3068
}