mAP@0.5,mAP@0.75,Precision@0.5,Recall@0.5,F1@0.5,FPR@0.5,AvgIoU@matched@0.5,Precision@0.75,Recall@0.75,F1@0.75,FPR@0.75,AvgIoU@matched@0.75,mask_threshold,backbone,num_images,sum_tp@0.5,sum_fp@0.5,sum_fn@0.5,sum_tp@0.75,sum_fp@0.75,sum_fn@0.75
0.46094128064324263,0.03610283757612833,0.9051070840194712,0.705082135523433,0.7926706098090309,0.09489291598019937,0.7073055667722674,0.27281713344307323,0.2125256673510748,0.23892656133133758,0.7271828665565973,0.7959365790593779,0.35,large,68,2747,288,1149,828,2207,3068
