mAP@0.5,Precision@0.5,Recall@0.5,F1@0.5,mask_threshold,backbone
0.5969645125872589,0.8128131519704015,0.7344424867389414,0.7628070822163091,0.35,large
