{
  "mAP@0.5": 0.5969645125872589,
  "Precision@0.5": 0.8128131519704015,
  "Recall@0.5": 0.7344424867389414,
  "F1@0.5": 0.7628070822163091,
  "mask_threshold": 0.35,
  "backbone": "large"
}