{
  "mAP@0.5": 0.44226964980517003,
  "mAP@0.75": 0.026365452916613488,
  "Precision@0.5": 0.8829575596814049,
  "Recall@0.5": 0.6835215605747732,
  "F1@0.5": 0.770543980989363,
  "FPR@0.5": 0.11704244031826358,
  "AvgIoU@matched@0.5": 0.697199194949497,
  "Precision@0.75": 0.23342175066305257,
  "Recall@0.75": 0.1806981519506723,
  "F1@0.75": 0.20370370321174927,
  "FPR@0.75": 0.7665782493366159,
  "AvgIoU@matched@0.75": 0.79494736253654,
  "mask_threshold": 0.35,
  "backbone": "large",
  "num_images": 68,
  "sum_tp@0.5": 2663,
  "sum_fp@0.5": 353,
  "sum_fn@0.5": 1233,
  "sum_tp@0.75": 704,
  "sum_fp@0.75": 2312,
  "sum_fn@0.75": 3192
}