mAP@0.5,mAP@0.75,Precision@0.5,Recall@0.5,F1@0.5,FPR@0.5,AvgIoU@matched@0.5,Precision@0.75,Recall@0.75,F1@0.75,FPR@0.75,AvgIoU@matched@0.75,mask_threshold,backbone,num_images,sum_tp@0.5,sum_fp@0.5,sum_fn@0.5,sum_tp@0.75,sum_fp@0.75,sum_fn@0.75
0.44226964980517003,0.026365452916613488,0.8829575596814049,0.6835215605747732,0.770543980989363,0.11704244031826358,0.697199194949497,0.23342175066305257,0.1806981519506723,0.20370370321174927,0.7665782493366159,0.79494736253654,0.35,large,68,2663,353,1233,704,2312,3192
