label,mAP@0.5,Precision@0.5,Recall@0.5,F1@0.5
orig,0.4306099945709266,0.8773006134966492,0.6973819301846259,0.7770627765690821
clahe,0.46094128064324263,0.9051070840194712,0.705082135523433,0.7926706098090309
highboost,0.44226964980517003,0.8829575596814049,0.6835215605747732,0.770543980989363
