label,word_accuracy,CER_mean,WER_mean
orig,0.06801848049281314,0.9319815195071869,0.9319815195071869
clahe,0.09214579055441478,0.9078542094455853,0.9078542094455853
highboost,0.009240246406570842,0.9907597535934292,0.9907597535934292
