mAP@0.5,mAP@0.75,Precision@0.5,Recall@0.5,F1@0.5,FPR@0.5,AvgIoU@matched@0.5,Precision@0.75,Recall@0.75,F1@0.75,FPR@0.75,AvgIoU@matched@0.75,mask_threshold,backbone,num_images,sum_tp@0.5,sum_fp@0.5,sum_fn@0.5,sum_tp@0.75,sum_fp@0.75,sum_fn@0.75
0.2911736586201568,0.00020496970764792254,0.7239358420725712,0.6024127310060056,0.6576071723815697,0.2760641579271203,0.6062890278112507,0.017581739666866877,0.01463039014373341,0.015970859689118613,0.9824182603328246,0.7759182059908604,0.8,large,68,2347,895,1549,57,3185,3839
