{
  "mAP@0.5": 0.2911736586201568,
  "mAP@0.75": 0.00020496970764792254,
  "Precision@0.5": 0.7239358420725712,
  "Recall@0.5": 0.6024127310060056,
  "F1@0.5": 0.6576071723815697,
  "FPR@0.5": 0.2760641579271203,
  "AvgIoU@matched@0.5": 0.6062890278112507,
  "Precision@0.75": 0.017581739666866877,
  "Recall@0.75": 0.01463039014373341,
  "F1@0.75": 0.015970859689118613,
  "FPR@0.75": 0.9824182603328246,
  "AvgIoU@matched@0.75": 0.7759182059908604,
  "mask_threshold": 0.8,
  "backbone": "large",
  "num_images": 68,
  "sum_tp@0.5": 2347,
  "sum_fp@0.5": 895,
  "sum_fn@0.5": 1549,
  "sum_tp@0.75": 57,
  "sum_fp@0.75": 3185,
  "sum_fn@0.75": 3839
}