{
  "count": 708,
  "word_accuracy": 0.4957627118644068,
  "CER_mean": 0.5042372881355932,
  "WER_mean": 0.5042372881355932,
  "CER_bengali_mean": 1.0,
  "WER_bengali_mean": 1.0,
  "CER_english_mean": 0.0056657223796034,
  "WER_english_mean": 0.0056657223796034
}