label,mAP@0.5,Precision@0.5,Recall@0.5,F1@0.5
doctr_mnv3_large,0.0,0.0,0.0,0.0
custom_mnv3_large,0.5982040609270989,0.814323228048087,0.7346027232466149,0.7641589228273094
custom_mnv3_large_clahe,0.5969645125872589,0.8128131519704015,0.7344424867389414,0.7628070822163091
