label,word_accuracy,CER_mean,WER_mean
rec_base,0.4957627118644068,0.5042372881355932,0.5042372881355932
rec_finetune,0.4632768361581921,0.536723163841808,0.536723163841808
